[
 {
  "id": 1,
  "title": " i think it will jj   hhh update",
  "intro": "egcgh bnb mn mnmn jj nn   j,",
  "content": "nunc sed pede.  nn Cmmmm um sociis natoque penatibus et",
  "author_id": 88
 },
 {
  "id": 2,
  "title": "Octavius Jarvis delta",
  "intro": "eu, accumsan sed,",
  "content": "nunc sed pede. Cum sociis natoque penatibus et",
  "author_id": 0
 },
 {
  "id": 5,
  "title": "abhindddd",
  "intro": "egcgh bnb mn mnmn j,",
  "content": "nunc sed pede. Cum sociis natoque penatibus et",
  "author_id": 7
 },
 {
  "id": 0,
  "title": "",
  "intro": "",
  "content": "",
  "author_id": 0
 },
 {
  "id": 7,
  "title": " i think it will  hhh update",
  "intro": "egcgh bnb mn mnmn nn   j,",
  "content": "nunc sed pede. Cmmmm um sociis natoque penatibus et",
  "author_id": 0
 },
 {
  "id": 9,
  "title": " i think it will jj   hhh update",
  "intro": "egcgh bnb mn mnmn jj nn   j,",
  "content": "nunc sed pede.  nn Cmmmm um sociis natoque penatibus et",
  "author_id": 88
 }
]